{"hyper_params": {"dtw_inertia": false, "init": "k-means++", "max_iter": 50, "max_iter_barycenter": 100, "metric": "dtw", "metric_params": null, "n_clusters": 8, "n_init": 1, "n_jobs": null, "random_state": null, "tol": 1e-06, "verbose": false}, "model_params": {"cluster_centers_": [[[1.570650067294751, 306.0255720053836], [2.33335, 400.06944444444446], [2.843290598290599, 378.1880341880342], [3.0854643874643877, 378.60683760683764], [3.156868347338936, 377.406162464986], [3.2620997150997155, 379.71794871794873], [3.805473815461347, 420.97506234413964], [5.029626482213436, 315.29051383399207], [5.66254342431762, 371.19354838709677], [7.037499999999998, 643.6775], [7.752128205128201, 708.7094017094017], [7.940669491525417, 713.5734463276837], [8.12745892351274, 700.0], [8.73833914728682, 959.3585271317829], [10.501121779859483, 780.2997658079626]], [[0.0643862660944206, 631.6137339055794], [1.8678246013667426, 474.0205011389521], [3.1173481781376533, 690.7246963562753], [3.8172968036529697, 858.9634703196347], [3.9774369369369382, 843.3828828828829], [4.165082568807342, 853.6605504587156], [5.091178423236517, 1089.2780082987551], [6.1195306748466285, 1410.6042944785277], [7.580254464285717, 158.39285714285714], [8.168813333333334, 153.92888888888888], [9.196246575342467, 2037.8904109589039], [9.549468468468472, 2044.1126126126126], [10.602602739726027, 644.2511415525114], [10.865354260089685, 653.1255605381166], [11.423095435684647, 520.1120331950208]], [[0.10668, 640.7111111111111], [1.2259748953974894, 461.8661087866108], [3.216589420654912, 433.6775818639798], [3.9323623188405796, 730.7391304347826], [4.236710144927536, 687.830917874396], [4.280193236714975, 689.367149758454], [4.294685990338164, 689.367149758454], [4.371975845410628, 686.1690821256038], [4.896843049327354, 721.7399103139013], [6.055220779220781, 1093.2727272727273], [6.67183984375, 447.30859375], [7.743216216216217, 515.918918918919], [8.792012000000001, 1882.212], [9.457688461538462, 2023.9423076923078], [10.538808219178083, 2012.0867579908675]], [[0.3236521739130435, 1863.8599033816424], [1.1269137055837564, 2006.7664974619288], [3.6687742616033754, 536.1392405063291], [4.74006779661017, 256.9039548022599], [5.27116384180791, 266.87005649717514], [6.291104430379747, 318.29430379746833], [7.099380116959065, 234.66081871345028], [7.181251461988304, 232.87719298245614], [7.222187134502924, 232.95906432748538], [7.268970760233919, 233.6140350877193], [7.321602339181287, 234.36842105263156], [7.432713450292398, 238.81286549707602], [7.705522222222223, 263.1], [8.488656108597286, 182.4027149321267], [9.960955431754876, 992.9888579387186]], [[1.107486666666667, 201.39666666666668], [2.113756358768407, 319.1887550200803], [2.8026651718983566, 285.3452914798206], [2.963107526881721, 287.0307219662058], [3.105966205837174, 289.1121351766513], [3.1950599078341018, 289.9815668202765], [3.3797672281776414, 289.7840735068913], [3.812389955686852, 284.25110782865585], [4.568540322580643, 300.5376344086022], [6.266231164383561, 457.67465753424653], [7.532457627118637, 147.28813559322035], [7.845419838523639, 115.37254901960785], [9.102730061349686, 134.80828220858896], [9.654396024464823, 133.44036697247708], [10.496254926108367, 191.82758620689654]], [[0.3666053042121685, 477.1653666146646], [2.447210172744722, 409.9251439539347], [3.950350354609927, 639.9546099290781], [5.323512383900929, 851.404024767802], [6.687858017135862, 1159.2545899632803], [8.323103250478002, 141.9980879541109], [8.869884146341454, 121.65447154471546], [9.111762195121942, 121.91869918699189], [9.215422764227634, 121.739837398374], [9.282495934959343, 121.92073170731709], [9.524353658536576, 121.82113821138212], [9.544678861788608, 121.91869918699189], [9.595491869918689, 122.84552845528457], [9.887800380228128, 115.84790874524715], [10.76874893617021, 308.4255319148936]], [[0.9475432098765432, 243.88888888888889], [3.3398833992094854, 435.3102766798419], [3.6874855769230774, 149.85096153846155], [3.7451778846153854, 150.39903846153848], [3.759600961538462, 150.39903846153848], [3.7692163461538466, 149.72115384615387], [3.774024038461539, 150.2019230769231], [3.774024038461539, 150.2019230769231], [3.774024038461539, 150.2019230769231], [3.774024038461539, 150.2019230769231], [3.774024038461539, 150.2019230769231], [3.8557596153846156, 148.6923076923077], [4.382434262948207, 259.2629482071713], [5.76856, 2013.0914285714287], [7.893934747145188, 448.6704730831974]], [[0.07036683417085426, 921.9698492462312], [1.4028848920863313, 506.2985611510792], [2.162151351351352, 617.7513513513513], [2.189178378378379, 619.0270270270271], [2.2053945945945954, 619.4216216216216], [2.2216108108108115, 619.4216216216216], [2.3026756756756765, 618.6432432432433], [2.7195714285714288, 642.1851851851851], [4.0295018450184505, 870.1918819188191], [5.685927797833936, 1317.9386281588447], [7.2775867507886405, 1739.6466876971608], [8.869331658291458, 327.2713567839196], [9.37878282828283, 270.12626262626264], [9.851825396825397, 288.06878306878303], [10.812860544217683, 639.4251700680272]]], "inertia_": 604892.5929897568,